<?xml version="1.0" encoding="UTF-8"?>
<feature
      id="org.eclipse.jdt"
      label="%featureName"
      version="2.1.3"
      image= "eclipse_update_120.jpg"
      provider-name="%providerName">

   <description>
      %description
   </description>

   <license url="%licenseURL">
     %license
   </license>

   <url>
      <update
         url="http://update.eclipse.org/updates"
         label="%updateSiteName">
      </update>
   </url>

  <requires>
  	  <import plugin="org.eclipse.platform" version="2.1.1" match="compatible" />
  </requires>
  
   <plugin
         id="org.eclipse.jdt"
         download-size="0"
         install-size="0"
         version="2.1.3">
   </plugin>

   <plugin
         id="org.eclipse.jdt.core"
         download-size="0"
         install-size="0"
         version="2.1.3">
   </plugin>

   <plugin
         id="org.eclipse.jdt.debug.ui"
         download-size="0"
         install-size="0"
         version="2.1.1">
   </plugin>

   <plugin
         id="org.eclipse.jdt.debug"
         download-size="0"
         install-size="0"
         version="2.1.2">
   </plugin>

   <plugin
         id="org.eclipse.jdt.junit"
         download-size="0"
         install-size="0"
         version="2.1.1">
   </plugin>

   <plugin
         id="org.eclipse.jdt.launching"
         download-size="0"
         install-size="0"
         version="2.1.1">
   </plugin>

   <plugin
         id="org.eclipse.jdt.ui"
         download-size="0"
         install-size="0"
         version="2.1.3">
   </plugin>

   <plugin
         id="org.junit"
         download-size="0"
         install-size="0"
         version="3.8.1">
   </plugin>

   <plugin id="org.eclipse.jdt.doc.user" version="2.1.0"/>

</feature>
