<?xml version="1.0" encoding="UTF-8"?>
<feature
      id="org.eclipse.platform"
      label="%featureName"
      version="2.1.3"
      image= "eclipse_update_120.jpg"
      provider-name="%providerName"
      primary="true"
      application="org.eclipse.ui.workbench">
      
   <description>
      %description
   </description>

   <license url="%licenseURL">
     %license
   </license>

   <url>
      <update
         url="http://update.eclipse.org/updates"
         label="%updateSiteName">
      </update>
   </url>

  <plugin id="org.apache.ant" version="1.5.3" /> 
  <plugin id="org.apache.lucene" version="1.2.1" /> 
  <plugin id="org.apache.xerces" version="4.0.13"/>
  <plugin id="org.eclipse.ant.core" version="2.1.3"/>
  <plugin id="org.eclipse.compare" version="2.1.0" /> 
  <plugin id="org.eclipse.core.boot" version="2.1.3" /> 
  <plugin id="org.eclipse.core.resources" version="2.1.1"/>
  <plugin id="org.eclipse.core.runtime" version="2.1.1" /> 
  <plugin id="org.eclipse.debug.core" version="2.1.2" /> 
  <plugin id="org.eclipse.debug.ui" version="2.1.3" /> 
  <plugin id="org.eclipse.help" version="2.1.2" /> 
  <plugin id="org.eclipse.help.webapp" version="2.1.3" /> 
  <plugin id="org.eclipse.help.ui" version="2.1.1" /> 
  <plugin id="org.eclipse.help.appserver" version="2.1.0" />
  <plugin id="org.eclipse.platform" version="2.1.3"/>
  <plugin id="org.eclipse.platform.doc.user" version="2.1.1"/>
  <plugin id="org.eclipse.search" version="2.1.1" /> 
  <plugin id="org.eclipse.swt" version="2.1.3"/>
  <plugin id="org.eclipse.team.core" version="2.1.3" /> 
  <plugin id="org.eclipse.team.cvs.core" version="2.1.3" /> 
  <plugin id="org.eclipse.team.cvs.ssh" version="2.1.1" /> 
  <plugin id="org.eclipse.team.cvs.ui" version="2.1.1" /> 
  <plugin id="org.eclipse.team.ui" version="2.1.0" /> 
  <plugin id="org.eclipse.tomcat" version="4.0.6.2" /> 
  <plugin id="org.eclipse.text" version="2.1.0" />
  <plugin id="org.eclipse.jface" version="2.1.3" />
  <plugin id="org.eclipse.jface.text" version="2.1.0" />
  <plugin id="org.eclipse.ui.workbench" version="2.1.3" />
  <plugin id="org.eclipse.ui.workbench.texteditor" version="2.1.3" />
  <plugin id="org.eclipse.ui.versioncheck" version="2.1.1" />
  <plugin id="org.eclipse.ui.views" version="2.1.3" />
  <plugin id="org.eclipse.ui.editors" version="2.1.0" />
  <plugin id="org.eclipse.ui" version="2.1.1" />
  <plugin id="org.eclipse.ui.externaltools" version="2.1.1" /> 
  <plugin id="org.eclipse.update.core" version="2.1.0" /> 
  <plugin id="org.eclipse.update.ui" version="2.1.2" /> 
  <plugin id="org.eclipse.update.ui.forms" version="2.1.0" /> 
</feature>
