<?xml version="1.0" encoding="UTF-8"?>
<feature
      id="org.eclipse.platform.source"
      label="%featureName"
      version="2.1.3"
      image= "eclipse_update_120.jpg"
      provider-name="%providerName">

   <description>
      %description
   </description>

   <license url="%licenseURL">
     %license
   </license>

   <url>
      <update
         url="http://update.eclipse.org/updates"
         label="%updateSiteName">
      </update>
   </url>

   <plugin id="org.eclipse.platform.doc.isv" version="2.1.3" />
   <plugin id="org.eclipse.platform.source" version="2.1.3" />

</feature>
