<?xml version="1.0" encoding="UTF-8"?>
<feature
      id="org.eclipse.sdk.win32"
      label="%featureName"
      version="2.1.3"
      image= "eclipse_update_120.jpg"
      provider-name="%providerName"
      os="win32"
      ws="win32"
      arch="x86">

   <description>
      %description
   </description>
   
   <license url="%licenseURL">
     %license
   </license>

   <url>
      <update
         url="http://update.eclipse.org/updates"
         label="%updateSiteName">
      </update>
   </url>

  <includes id="org.eclipse.platform.win32" version="2.1.3" match="equivalent"/>
  <includes id="org.eclipse.jdt" version="2.1.3" match="equivalent"/>
  <includes id="org.eclipse.pde" version="2.1.3" match="equivalent"/>
  <includes id="org.eclipse.platform.win32.source" version="2.1.3" match="equivalent"/>
  <includes id="org.eclipse.jdt.source" version="2.1.3" match="equivalent"/>

  <plugin id="org.eclipse.sdk.win32" version="2.1.3"/>
</feature>
